cocomac_209,FMA_61867,
cocomac_128,FMA_61867,
cocomac_1728,FMA_61867,
cocomac_1726,FMA_61867,
cocomac_2,FMA_61867,
cocomac_1295,FMA_61867,
cocomac_2157,FMA_72603,
cocomac_1515,FMA_62493,
cocomac_17,FMA_62493,
cocomac_130,FMA_62493,
cocomac_70,FMA_62493,
cocomac_2035,FMA_61841,
cocomac_1251,FMA_61841,
cocomac_2145,FMA_61841,
cocomac_11,FMA_61841,
cocomac_989,FMA_61841,
cocomac_10,FMA_77607,
cocomac_1288,FMA_77607,
cocomac_477,FMA_77608,
cocomac_59,FMA_61861,
cocomac_1616,FMA_61861,
cocomac_1430,FMA_61861,
cocomac_471,FMA_61861,
cocomac_1,FMA_61861,
cocomac_162,FMA_271599,
cocomac_1105,FMA_61916,
cocomac_125,FMA_62019,
cocomac_214,FMA_62019,
cocomac_1969,FMA_62319,
cocomac_2158,FMA_62319,
cocomac_536,FMA_77628,
cocomac_1575,FMA_76962,
cocomac_728,FMA_76962,
cocomac_230,FMA_76962,
cocomac_213,FMA_62141,
cocomac_737,FMA_62141,
cocomac_540,FMA_62141,
cocomac_765,FMA_62142,
cocomac_747,FMA_62142,
cocomac_117,FMA_62142,
cocomac_757,FMA_62143,
cocomac_1974,FMA_62329,
cocomac_2199,FMA_62329,
cocomac_2059,FMA_72609,
cocomac_1394,FMA_226221,
cocomac_1441,FMA_68855,
cocomac_1727,FMA_68855,
cocomac_127,FMA_68855,
cocomac_102,FMA_68855,
cocomac_107,FMA_68855,
cocomac_2270,FMA_68855,
cocomac_1929,FMA_77700,
cocomac_1944,FMA_61887,
cocomac_2142,FMA_61887,
cocomac_269,FMA_61887,
cocomac_967,FMA_61884,
cocomac_2084,FMA_61884,
cocomac_1202,FMA_72417,
cocomac_1926,FMA_68619,
cocomac_1749,FMA_68619,
cocomac_278,FMA_68629,
cocomac_122,FMA_74042,
cocomac_957,FMA_61833,
cocomac_1134,FMA_61833,
cocomac_1136,FMA_61833,
cocomac_1131,FMA_61833,
cocomac_1135,FMA_61833,
cocomac_1143,FMA_61833,
cocomac_950,FMA_61833,
cocomac_986,FMA_61833,
cocomac_988,FMA_61833,
cocomac_961,FMA_61833,
cocomac_1141,FMA_61833,
cocomac_953,FMA_61833,
cocomac_1139,FMA_61833,
cocomac_946,FMA_61833,
cocomac_949,FMA_61833,
cocomac_1142,FMA_61833,
cocomac_984,FMA_61833,
cocomac_958,FMA_61833,
cocomac_1133,FMA_61833,
cocomac_1144,FMA_61833,
cocomac_951,FMA_61833,
cocomac_987,FMA_61833,
cocomac_962,FMA_61833,
cocomac_1129,FMA_61833,
cocomac_955,FMA_61833,
cocomac_1132,FMA_61833,
cocomac_947,FMA_61833,
cocomac_1138,FMA_61833,
cocomac_948,FMA_61833,
cocomac_1140,FMA_61833,
cocomac_960,FMA_61833,
cocomac_959,FMA_61833,
cocomac_1005,FMA_61833,
cocomac_954,FMA_61833,
cocomac_1004,FMA_61833,
cocomac_978,FMA_61833,
cocomac_1684,FMA_61833,
cocomac_1146,FMA_61833,
cocomac_952,FMA_61833,
cocomac_459,FMA_61833,
cocomac_985,FMA_61833,
cocomac_1137,FMA_61833,
cocomac_1432,FMA_74047,
cocomac_926,FMA_74047,
cocomac_2277,FMA_74047,
cocomac_108,FMA_74047,
cocomac_12,FMA_74047,
cocomac_13,FMA_74047,
cocomac_2147,FMA_74047,
cocomac_1327,FMA_74047,
cocomac_542,FMA_62169,
cocomac_1670,FMA_74510,
cocomac_661,FMA_74510,
cocomac_2190,FMA_74510,
cocomac_1260,FMA_74510,
cocomac_356,FMA_62170,
cocomac_2150,FMA_62170,
cocomac_247,FMA_62170,
cocomac_2149,FMA_62170,
cocomac_758,FMA_62170,
cocomac_236,FMA_62171,
cocomac_783,FMA_62171,
cocomac_759,FMA_62171,
cocomac_2346,FMA_62171,
cocomac_1009,FMA_72413,
cocomac_2154,FMA_62165,
cocomac_225,FMA_62165,
cocomac_2166,FMA_72249,
cocomac_2133,FMA_76928,
cocomac_2072,FMA_72536,
cocomac_941,FMA_62394,
cocomac_698,FMA_62434,
cocomac_1623,FMA_83869,FMA_260761
cocomac_2046,FMA_83753,
cocomac_1514,FMA_67440,
cocomac_271,FMA_67440,
cocomac_572,FMA_67440,
cocomac_1433,FMA_61862,
cocomac_473,FMA_61862,
cocomac_2144,FMA_61862,
cocomac_1368,FMA_61862,
cocomac_2156,FMA_68465,
cocomac_1400,FMA_72410,
cocomac_1398,FMA_72416,
cocomac_192,FMA_61922,
cocomac_1417,FMA_61922,
cocomac_2066,FMA_72260,
cocomac_2146,FMA_54624,
cocomac_2148,FMA_62339,
cocomac_1973,FMA_62339,
cocomac_256,FMA_62214,
cocomac_558,FMA_62214,
cocomac_467,FMA_62214,
cocomac_2165,FMA_83845,
cocomac_1254,FMA_68462,
cocomac_2168,FMA_72434,
cocomac_1255,FMA_72434,
cocomac_1072,FMA_276189,
cocomac_1253,FMA_62331,
cocomac_2169,FMA_62331,
cocomac_1532,FMA_72356,
cocomac_1487,FMA_72356,
cocomac_1150,FMA_72356,
cocomac_194,FMA_72356,
cocomac_16,FMA_72356,
cocomac_1908,FMA_61960,
cocomac_2070,FMA_72537,
cocomac_2034,FMA_61965,FMA_83865
cocomac_450,FMA_74886,
cocomac_928,FMA_61835,
cocomac_1167,FMA_61835,
cocomac_1681,FMA_61835,
cocomac_2181,FMA_72602,
cocomac_1281,FMA_74038,
cocomac_112,FMA_74038,
cocomac_2175,FMA_83866,
cocomac_1940,FMA_77611,
cocomac_1619,FMA_62008,
cocomac_1614,FMA_62008,
cocomac_1737,FMA_62488,
cocomac_2162,FMA_72615,
cocomac_1008,FMA_62404,
cocomac_2152,FMA_62404,
cocomac_2092,FMA_72243,
cocomac_1064,FMA_77536,
cocomac_2109,FMA_62183,
cocomac_730,FMA_62183,
cocomac_149,FMA_62183,
cocomac_567,FMA_62183,
cocomac_769,FMA_62183,
cocomac_1563,FMA_62183,
cocomac_2354,FMA_62183,
cocomac_2134,FMA_54608,
cocomac_2153,FMA_67329,
cocomac_1216,FMA_67329,
cocomac_1057,FMA_67329,
cocomac_1588,FMA_242223,
cocomac_1440,FMA_61868,
cocomac_2198,FMA_61868,
cocomac_71,FMA_61868,
cocomac_1943,FMA_72439,
cocomac_543,FMA_62021,
cocomac_2043,FMA_83772,
cocomac_2197,FMA_61888,
cocomac_1042,FMA_61866,
cocomac_1730,FMA_61866,
cocomac_109,FMA_61866,
cocomac_1334,FMA_61866,
cocomac_647,FMA_61866,
cocomac_3,FMA_61866,
cocomac_35,FMA_61866,
cocomac_1436,FMA_61866,
cocomac_113,FMA_62176,
cocomac_712,FMA_62176,
cocomac_1336,FMA_62209,
cocomac_2184,FMA_62209,
cocomac_133,FMA_62209,
cocomac_704,FMA_62209,
cocomac_2269,FMA_62209,
cocomac_1006,FMA_61839,
cocomac_216,FMA_62372,
cocomac_2194,FMA_62372,
cocomac_1055,FMA_62372,
cocomac_1257,FMA_62030,
cocomac_2167,FMA_62030,
cocomac_2210,FMA_62341,
cocomac_2307,FMA_62341,
cocomac_318,FMA_62341,
cocomac_2204,FMA_62469,
cocomac_219,FMA_62174,
cocomac_2127,FMA_61971,
cocomac_2099,FMA_72481,
cocomac_1444,FMA_68857,
cocomac_4,FMA_68857,
cocomac_2209,FMA_62346,
cocomac_470,FMA_62177,
cocomac_713,FMA_62177,
cocomac_2065,FMA_62326,
cocomac_770,FMA_62181,
cocomac_731,FMA_62181,
cocomac_2110,FMA_62181,
cocomac_137,FMA_62181,
cocomac_1564,FMA_62181,
cocomac_560,FMA_62181,
cocomac_2207,FMA_61878,
cocomac_1695,FMA_62336,
cocomac_2135,FMA_54614,
cocomac_1672,FMA_61976,FMA_62067
cocomac_718,FMA_62220,
cocomac_575,FMA_62220,
cocomac_2206,FMA_62220,
cocomac_559,FMA_62220,
cocomac_469,FMA_62220,
cocomac_2202,FMA_72478,
cocomac_259,FMA_62218,
cocomac_1549,FMA_62218,
cocomac_1687,FMA_72431,
cocomac_2155,FMA_74877,
cocomac_1329,FMA_74046,
cocomac_1731,FMA_74046,
cocomac_2208,FMA_74046,
cocomac_163,FMA_74046,
cocomac_1437,FMA_74046,
cocomac_6,FMA_74046,
cocomac_114,FMA_62156,
cocomac_719,FMA_62156,
cocomac_2186,FMA_62211,
cocomac_1201,FMA_62211,
cocomac_369,FMA_62211,
cocomac_258,FMA_62211,
cocomac_576,FMA_62211,
cocomac_715,FMA_62211,
cocomac_217,FMA_62373,
cocomac_1056,FMA_62373,
cocomac_2196,FMA_62373,
cocomac_2205,FMA_62470,
cocomac_2128,FMA_77627,
cocomac_2100,FMA_72480,
cocomac_2143,FMA_68858,
cocomac_1445,FMA_68858,
cocomac_5,FMA_68858,
cocomac_777,FMA_62195,
cocomac_734,FMA_62182,
cocomac_561,FMA_62182,
cocomac_771,FMA_62182,
cocomac_140,FMA_62182,
cocomac_1258,FMA_61879,
cocomac_2137,FMA_54611,
cocomac_2105,FMA_62323,
cocomac_2063,FMA_72465,
cocomac_2177,FMA_72241,
cocomac_1689,FMA_62406,
cocomac_2351,FMA_83902,
cocomac_2292,FMA_72409,
cocomac_1397,FMA_71113,
cocomac_110,FMA_62020,
cocomac_2054,FMA_61889,
cocomac_944,FMA_61889,
cocomac_2104,FMA_61889,
cocomac_2058,FMA_54588,
cocomac_319,FMA_72597,
cocomac_1676,FMA_72597,
cocomac_2061,FMA_61883,
cocomac_2071,FMA_61882,
cocomac_1259,FMA_61882,
cocomac_2076,FMA_84025,
cocomac_1326,FMA_61865,
cocomac_77,FMA_61865,
cocomac_674,FMA_72403,
cocomac_226,FMA_72403,
cocomac_676,FMA_68463,
cocomac_1675,FMA_68463,
cocomac_228,FMA_68463,
cocomac_2090,FMA_256691,
cocomac_2064,FMA_84023,
cocomac_2106,FMA_72596,
cocomac_1599,FMA_77624,
cocomac_1683,FMA_72405,
cocomac_749,FMA_62205,
cocomac_1403,FMA_62205,
cocomac_370,FMA_62180,
cocomac_2112,FMA_62180,
cocomac_772,FMA_62180,
cocomac_916,FMA_242003,
cocomac_1474,FMA_72415,
cocomac_678,FMA_72415,
cocomac_232,FMA_62172,
cocomac_550,FMA_62172,
cocomac_723,FMA_62172,
cocomac_930,FMA_62172,
cocomac_2349,FMA_62166,
cocomac_724,FMA_62166,
cocomac_118,FMA_62166,
cocomac_2183,FMA_61918,
cocomac_546,FMA_62160,
cocomac_1193,FMA_77604,
cocomac_26,FMA_77604,
cocomac_455,FMA_77604,
cocomac_1414,FMA_77604,
cocomac_119,FMA_62151,
cocomac_229,FMA_62151,
cocomac_2348,FMA_62151,
cocomac_1685,FMA_62320,
cocomac_1667,FMA_62320,
cocomac_115,FMA_62152,
cocomac_2103,FMA_62152,
cocomac_773,FMA_62152,
cocomac_1342,FMA_62152,
cocomac_440,FMA_74889,
cocomac_779,FMA_62196,
cocomac_781,FMA_62207,
cocomac_1688,FMA_72430,
cocomac_2179,FMA_72575,
cocomac_1476,FMA_72429,
cocomac_1966,FMA_77688,
cocomac_1475,FMA_72437,
cocomac_1682,FMA_72437,
cocomac_2101,FMA_72437,
cocomac_1507,FMA_72437,
cocomac_2173,FMA_62033,
cocomac_1975,FMA_74635,
cocomac_2178,FMA_68876,
cocomac_2159,FMA_72608,
cocomac_1702,FMA_271593,
cocomac_435,FMA_271593,
cocomac_1106,FMA_61924,
cocomac_2055,FMA_62350,
cocomac_1965,FMA_62350,
cocomac_2098,FMA_62221,
cocomac_372,FMA_62221,
cocomac_1982,FMA_62221,
cocomac_234,FMA_62221,
cocomac_1344,FMA_76961,
cocomac_1576,FMA_76961,
cocomac_231,FMA_76961,
cocomac_729,FMA_76961,
cocomac_2189,FMA_62349,
cocomac_1069,FMA_224850,
cocomac_902,FMA_224852,
cocomac_1084,FMA_224852,
cocomac_2304,FMA_62484,
cocomac_31,FMA_62484,
cocomac_20,FMA_62486,
cocomac_288,FMA_62486,
cocomac_582,FMA_62486,
cocomac_808,FMA_62486,
cocomac_1415,FMA_62486,
cocomac_675,FMA_72401,
cocomac_460,FMA_62402,
cocomac_1393,FMA_62402,
cocomac_1089,FMA_62402,
cocomac_131,FMA_272953,
cocomac_156,FMA_272953,
cocomac_813,FMA_224854,
cocomac_915,FMA_224854,
cocomac_699,FMA_224854,
cocomac_436,FMA_236871,FMA_68614
cocomac_464,FMA_236871,FMA_68614
cocomac_141,FMA_62178,
cocomac_2082,FMA_62178,
cocomac_972,FMA_61834,
cocomac_970,FMA_61834,
cocomac_1094,FMA_61834,
cocomac_968,FMA_61834,
cocomac_1097,FMA_61834,
cocomac_976,FMA_61834,
cocomac_965,FMA_61834,
cocomac_981,FMA_61834,
cocomac_1096,FMA_61834,
cocomac_1098,FMA_61834,
cocomac_1598,FMA_61834,
cocomac_980,FMA_61834,
cocomac_973,FMA_61834,
cocomac_1092,FMA_61834,
cocomac_210,FMA_61834,
cocomac_101,FMA_61834,
cocomac_1590,FMA_61834,
cocomac_1090,FMA_61834,
cocomac_1093,FMA_61834,
cocomac_982,FMA_61834,
cocomac_1102,FMA_61834,
cocomac_966,FMA_61834,
cocomac_964,FMA_61834,
cocomac_1100,FMA_61834,
cocomac_969,FMA_61834,
cocomac_977,FMA_61834,
cocomac_971,FMA_61834,
cocomac_983,FMA_61834,
cocomac_1099,FMA_61834,
cocomac_979,FMA_61834,
cocomac_974,FMA_61834,
cocomac_1095,FMA_61834,
cocomac_975,FMA_61834,
cocomac_1091,FMA_61834,
cocomac_2083,FMA_62407,
cocomac_2114,FMA_72471,
cocomac_120,FMA_62153,
cocomac_1928,FMA_62153,
cocomac_241,FMA_62154,
cocomac_2200,FMA_72433,
cocomac_2096,FMA_61842,
cocomac_1905,FMA_242642,
cocomac_2118,FMA_68871,FMA_77036
cocomac_2121,FMA_62080,
cocomac_925,FMA_61974,
cocomac_943,FMA_77618,FMA_83683
cocomac_2097,FMA_72414,
cocomac_1704,FMA_62155,
cocomac_2116,FMA_75260,
cocomac_2115,FMA_74414,
cocomac_1422,FMA_74414,
cocomac_21,FMA_74414,
cocomac_654,FMA_74414,
cocomac_672,FMA_72404,
cocomac_1350,FMA_62223,
cocomac_2350,FMA_62223,
cocomac_2123,FMA_62223,
cocomac_1351,FMA_226239,
cocomac_32,FMA_61885,
cocomac_1198,FMA_67947,
cocomac_1199,FMA_62907,
cocomac_2124,FMA_62907,
cocomac_1678,FMA_62907,
cocomac_938,FMA_62907,
cocomac_1680,FMA_62908,
cocomac_1200,FMA_62908,
cocomac_939,FMA_62908,
cocomac_2085,FMA_62035,
cocomac_1693,FMA_62035,
cocomac_740,FMA_62035,
cocomac_1509,FMA_62035,
cocomac_940,FMA_62035,
cocomac_1392,FMA_62403,
cocomac_2163,FMA_62403,
cocomac_463,FMA_62403,
cocomac_1948,FMA_62403,
cocomac_755,FMA_62403,
cocomac_2293,FMA_72407,
cocomac_640,FMA_72407,
cocomac_1906,FMA_77631,
cocomac_2095,FMA_72247,
cocomac_46,FMA_61899,
cocomac_1067,FMA_61899,
cocomac_814,FMA_83763,
cocomac_1243,FMA_61905,
cocomac_631,FMA_83783,
cocomac_2141,FMA_54617,
cocomac_386,FMA_224858,
cocomac_315,FMA_224858,
cocomac_1489,FMA_224858,
cocomac_2120,FMA_67883,
cocomac_1967,FMA_62347,
cocomac_2126,FMA_62317,
cocomac_641,FMA_62317,
cocomac_1593,FMA_74890,
cocomac_1993,FMA_62026,
cocomac_142,FMA_62026,
cocomac_1104,FMA_62026,
cocomac_240,FMA_62026,
cocomac_1270,FMA_62026,
cocomac_2164,FMA_72487,
cocomac_2131,FMA_61880,
cocomac_2130,FMA_62327,
cocomac_123,FMA_62184,
cocomac_2185,FMA_62215,
cocomac_1014,FMA_62215,
cocomac_257,FMA_62215,
cocomac_2352,FMA_62186,
cocomac_124,FMA_62186,
cocomac_2136,FMA_62186,
cocomac_2067,FMA_68464,
cocomac_1942,FMA_77613,
cocomac_1128,FMA_62187,
cocomac_364,FMA_62199,
cocomac_2138,FMA_62200,
cocomac_751,FMA_62200,
cocomac_366,FMA_62202,
cocomac_752,FMA_62202,
cocomac_937,FMA_72438,
cocomac_2091,FMA_72435,
cocomac_1694,FMA_72435,
cocomac_1671,FMA_62065,
cocomac_1945,FMA_77612,
cocomac_1697,FMA_62038,
cocomac_756,FMA_62038,
cocomac_642,FMA_72406,
